{"cameraMode":{"drawMode":0,"name":"Shaded","section":"Shading Mode"},"sceneLighting":false,"audioPlay":false,"sceneViewState":{"showFog":true,"showMaterialUpdate":false,"showSkybox":true,"showFlares":true,"showImageEffects":true,"showParticleSystems":true},"in2DMode":false,"pivot":{"x":-4.1295318603515629,"y":32.29315948486328,"z":-13.635948181152344},"rotation":{"x":-0.027186624705791475,"y":0.9057226181030273,"z":-0.058781810104846957,"w":-0.4188956618309021},"size":112.19065856933594,"orthographic":false}