{"cameraMode":{"drawMode":0,"name":"Shaded","section":"Shading Mode"},"sceneLighting":false,"audioPlay":false,"sceneViewState":{"showFog":true,"showMaterialUpdate":false,"showSkybox":true,"showFlares":true,"showImageEffects":true,"showParticleSystems":true},"in2DMode":false,"pivot":{"x":-1.6751766204833985,"y":-6.090000152587891,"z":6.460000514984131},"rotation":{"x":0.21625444293022157,"y":0.10665963590145111,"z":-0.023778339847922326,"w":0.9702134132385254},"size":120.53195190429688,"orthographic":false}