{"cameraMode":{"drawMode":0,"name":"Shaded","section":"Shading Mode"},"sceneLighting":true,"audioPlay":false,"sceneViewState":{"showFog":true,"showMaterialUpdate":false,"showSkybox":true,"showFlares":true,"showImageEffects":true,"showParticleSystems":true},"in2DMode":false,"pivot":{"x":297.2248229980469,"y":536.489990234375,"z":701.8800048828125},"rotation":{"x":0.019276898354291917,"y":-0.9800501465797424,"z":0.11997223645448685,"w":0.15744903683662415},"size":794.7138671875,"orthographic":false}